Scenario,Sectors,cl001,cl002,cl003,cl004,cl005,cl006,cl007,cl008,cl009,cl014,cl015,cl021,cl022,cl023,cl024,cl025,cl026,cl052,cl076,cl077,cl078,cl079,cl098,cl099,cl100,cl110,cl120,cl140,cl174,cl200,sum.stems,diff
Baseline,Current,0.05,0.05,3.09,5.30,7.50,3.09,3.09,5.30,7.50,0.05,0.05,0.00,0.00,0.00,0.00,0.00,1.00,3.09,3.09,3.09,3.09,3.09,112.14,61.37,3.09,57.15,57.15,57.15,3.09,3.09,1033722778.28,0.00
Grass Protected,Protected,0.05,0.05,3.09,5.30,7.50,3.09,3.09,5.30,7.50,0.05,0.05,0.00,0.00,0.00,0.00,0.00,1.00,3.09,3.09,126.55,3.09,126.55,112.14,61.37,3.09,57.15,57.15,57.15,3.09,3.09,1302315346.80,268592568.52
Grass Protected,Protected,0.05,0.05,3.09,5.30,7.50,3.09,3.09,5.30,7.50,0.05,0.05,0.00,0.00,0.00,0.00,0.00,1.00,3.09,3.09,129.71,3.09,129.71,112.14,61.37,3.09,57.15,57.15,57.15,3.09,3.09,1309205571.29,275482793.01
CRP,CRP,0.05,0.05,3.09,5.30,7.50,3.09,3.09,5.30,7.50,0.05,0.05,0.00,0.00,0.00,0.00,0.00,1.00,3.09,3.09,3.09,3.09,3.09,153.50,65.46,3.09,57.15,57.15,57.15,3.09,3.09,1144126909.50,110404131.22
Right of Way,RoW,0.05,0.05,3.09,5.30,7.50,3.09,3.09,5.30,7.50,0.05,0.05,0.00,0.00,0.00,0.00,0.00,1.00,3.09,3.09,3.09,3.09,3.09,112.14,61.37,3.09,100.02,78.59,78.59,3.09,3.09,1236105513.70,202382735.42
Right of Way,RoW,0.05,0.05,3.09,5.30,7.50,3.09,3.09,5.30,7.50,0.05,0.05,0.00,0.00,0.00,0.00,0.00,1.00,3.09,3.09,3.09,3.09,3.09,112.14,61.37,3.09,57.15,57.15,57.15,3.09,10.44,1036972339.55,3249561.27
Right of Way,RoW,0.05,0.05,3.09,5.30,7.50,3.09,3.09,5.30,7.50,0.05,0.05,0.00,0.00,0.00,0.00,0.00,1.00,3.09,3.09,3.09,3.09,3.09,112.14,61.37,32.63,57.15,57.15,57.15,3.09,3.09,1060274277.78,26551499.50
Right of Way,RoW,0.05,0.05,3.09,5.30,7.50,3.09,3.09,5.30,7.50,0.05,0.05,0.00,0.00,0.00,0.00,0.00,1.00,3.09,3.09,3.09,3.09,3.09,112.14,61.37,42.47,57.15,57.15,57.15,3.09,3.09,1069124777.62,35401999.34
Agricultural,Agriculture,0.06,4.05,5.56,7.74,9.93,3.09,5.56,7.74,9.93,0.06,4.05,0.00,0.00,0.00,0.00,0.00,1.00,3.09,3.09,3.09,3.09,3.09,112.14,61.37,3.09,57.15,57.15,57.15,3.09,3.09,1102184997.64,68462219.36
Agricultural,Agriculture,0.06,56.07,5.56,7.74,9.93,3.09,5.56,7.74,9.93,0.06,56.07,0.00,0.00,0.00,0.00,0.00,1.00,3.09,3.09,3.09,3.09,3.09,112.14,61.37,3.09,57.15,57.15,57.15,3.09,3.09,1764119618.86,730396840.58
Citizen Involvement,Citizen,0.05,0.05,3.09,5.30,7.50,3.09,3.09,5.30,7.50,0.05,0.05,3.09,1.49,0.75,0.20,3.09,3.09,3.09,3.09,3.09,3.09,3.09,112.14,61.37,3.09,57.15,57.15,57.15,3.09,3.09,1059763011.86,26040233.58
Citizen Involvement,Citizen,0.05,0.05,3.09,5.30,7.50,3.09,3.09,5.30,7.50,0.05,0.05,3.09,3.09,1.50,0.40,3.09,3.09,3.09,3.09,3.09,3.09,3.09,112.14,61.37,3.09,57.15,57.15,57.15,3.09,3.09,1064056119.52,30333341.24
Citizen Involvement,Citizen,0.05,0.05,3.09,5.30,7.50,3.09,3.09,5.30,7.50,0.05,0.05,16.31,6.18,3.09,0.40,3.09,3.09,3.09,3.09,3.09,3.09,3.09,112.14,61.37,3.09,57.15,57.15,57.15,3.09,3.09,1139628486.29,105905708.01
All Hands,Five,0.06,4.05,5.56,7.74,9.93,4.05,5.56,7.74,9.93,0.06,4.05,3.09,3.09,1.50,0.40,3.09,3.09,3.09,6.78,126.55,4.94,126.55,125.93,62.73,32.63,78.59,67.17,67.17,3.09,10.44,1633533662.66,599810884.38
Grass Protected Areas + Citizen Involvement,Two,0.05,0.05,3.09,5.30,7.50,3.09,3.09,5.30,7.50,0.05,0.05,3.09,1.49,0.75,0.20,3.09,3.09,3.09,3.09,126.55,3.09,126.55,112.14,61.37,3.09,57.15,57.15,57.15,3.09,3.09,1328355580.38,294632802.10
Grass Protected Areas + Citizen Involvement,Two,0.05,0.05,3.09,5.30,7.50,3.09,3.09,5.30,7.50,0.05,0.05,3.09,3.09,1.50,0.40,3.09,3.09,3.09,3.09,126.55,3.09,126.55,112.14,61.37,3.09,57.15,57.15,57.15,3.09,3.09,1332648688.04,298925909.76
Grass Protected Areas + Citizen Involvement,Two,0.05,0.05,3.09,5.30,7.50,3.09,3.09,5.30,7.50,0.05,0.05,16.31,6.18,3.09,0.40,3.09,3.09,3.09,3.09,126.55,3.09,126.55,112.14,61.37,3.09,57.15,57.15,57.15,3.09,3.09,1408221054.81,374498276.53
Grass Protected Areas + Citizen Involvement,Two,0.05,0.05,3.09,5.30,7.50,3.09,3.09,5.30,7.50,0.05,0.05,3.09,1.49,0.75,0.20,3.09,3.09,3.09,3.09,129.71,3.09,129.71,112.14,61.37,3.09,57.15,57.15,57.15,3.09,3.09,1335245804.87,301523026.59
Grass Protected Areas + Citizen Involvement,Two,0.05,0.05,3.09,5.30,7.50,3.09,3.09,5.30,7.50,0.05,0.05,3.09,3.09,1.50,0.40,3.09,3.09,3.09,3.09,129.71,3.09,129.71,112.14,61.37,3.09,57.15,57.15,57.15,3.09,3.09,1339538912.53,305816134.25
Grass Protected Areas + Citizen Involvement,Two,0.05,0.05,3.09,5.30,7.50,3.09,3.09,5.30,7.50,0.05,0.05,16.31,6.18,3.09,0.40,3.09,3.09,3.09,3.09,129.71,3.09,129.71,112.14,61.37,3.09,57.15,57.15,57.15,3.09,3.09,1415111279.30,381388501.02
Grass Protected Areas + Rights of Way,Two,0.05,0.05,3.09,5.30,7.50,3.09,3.09,5.30,7.50,0.05,0.05,0.00,0.00,0.00,0.00,0.00,1.00,3.09,3.09,126.55,3.09,126.55,112.14,61.37,32.63,100.02,78.59,78.59,3.09,10.44,1534499142.99,500776364.71
Grass Protected Areas + Rights of Way,Two,0.05,0.05,3.09,5.30,7.50,3.09,3.09,5.30,7.50,0.05,0.05,0.00,0.00,0.00,0.00,0.00,1.00,3.09,3.09,126.55,3.09,126.55,112.14,61.37,42.47,100.02,78.59,78.59,3.09,10.44,1543349642.83,509626864.55
Grass Protected Areas + Rights of Way,Two,0.05,0.05,3.09,5.30,7.50,3.09,3.09,5.30,7.50,0.05,0.05,0.00,0.00,0.00,0.00,0.00,1.00,3.09,3.09,129.71,3.09,129.71,112.14,61.37,32.63,100.02,78.59,78.59,3.09,10.44,1541389367.48,507666589.20
Grass Protected Areas + Rights of Way,Two,0.05,0.05,3.09,5.30,7.50,3.09,3.09,5.30,7.50,0.05,0.05,0.00,0.00,0.00,0.00,0.00,1.00,3.09,3.09,129.71,3.09,129.71,112.14,61.37,42.47,100.02,78.59,78.59,3.09,10.44,1550239867.32,516517089.04
Grass Protected Areas + Agriculture,Two,0.06,4.05,5.56,7.74,9.93,3.09,5.56,7.74,9.93,0.06,4.05,0.00,0.00,0.00,0.00,0.00,1.00,3.09,3.09,126.55,3.09,126.55,112.14,61.37,3.09,57.15,57.15,57.15,3.09,3.09,1370777566.16,337054787.88
Grass Protected Areas + Agriculture,Two,0.06,56.07,5.56,7.74,9.93,3.09,5.56,7.74,9.93,0.06,56.07,0.00,0.00,0.00,0.00,0.00,1.00,3.09,3.09,126.55,3.09,126.55,112.14,61.37,3.09,57.15,57.15,57.15,3.09,3.09,2032712187.38,998989409.10
Grass Protected Areas + Agriculture,Two,0.06,4.05,5.56,7.74,9.93,3.09,5.56,7.74,9.93,0.06,4.05,0.00,0.00,0.00,0.00,0.00,1.00,3.09,3.09,129.71,3.09,129.71,112.14,61.37,3.09,57.15,57.15,57.15,3.09,3.09,1377667790.65,343945012.37
Grass Protected Areas + Agriculture,Two,0.06,56.07,5.56,7.74,9.93,3.09,5.56,7.74,9.93,0.06,56.07,0.00,0.00,0.00,0.00,0.00,1.00,3.09,3.09,129.71,3.09,129.71,112.14,61.37,3.09,57.15,57.15,57.15,3.09,3.09,2039602411.87,1005879633.59
Citizen Involvement + Rights of Way,Two,0.05,0.05,3.09,5.30,7.50,3.09,3.09,5.30,7.50,0.05,0.05,3.09,1.49,0.75,0.20,3.09,3.09,3.09,3.09,3.09,3.09,3.09,112.14,61.37,32.63,100.02,78.59,78.59,3.09,10.44,1291946808.05,258224029.77
Citizen Involvement + Rights of Way,Two,0.05,0.05,3.09,5.30,7.50,3.09,3.09,5.30,7.50,0.05,0.05,3.09,1.49,0.75,0.20,3.09,3.09,3.09,3.09,3.09,3.09,3.09,112.14,61.37,42.47,100.02,78.59,78.59,3.09,10.44,1300797307.89,267074529.61
Citizen Involvement + Rights of Way,Two,0.05,0.05,3.09,5.30,7.50,3.09,3.09,5.30,7.50,0.05,0.05,3.09,3.09,1.50,0.40,3.09,3.09,3.09,3.09,3.09,3.09,3.09,112.14,61.37,32.63,100.02,78.59,78.59,3.09,10.44,1296239915.71,262517137.43
Citizen Involvement + Rights of Way,Two,0.05,0.05,3.09,5.30,7.50,3.09,3.09,5.30,7.50,0.05,0.05,3.09,3.09,1.50,0.40,3.09,3.09,3.09,3.09,3.09,3.09,3.09,112.14,61.37,42.47,100.02,78.59,78.59,3.09,10.44,1305090415.55,271367637.27
Citizen Involvement + Rights of Way,Two,0.05,0.05,3.09,5.30,7.50,3.09,3.09,5.30,7.50,0.05,0.05,16.31,6.18,3.09,0.40,3.09,3.09,3.09,3.09,3.09,3.09,3.09,112.14,61.37,32.63,100.02,78.59,78.59,3.09,10.44,1371812282.48,338089504.20
Citizen Involvement + Rights of Way,Two,0.05,0.05,3.09,5.30,7.50,3.09,3.09,5.30,7.50,0.05,0.05,16.31,6.18,3.09,0.40,3.09,3.09,3.09,3.09,3.09,3.09,3.09,112.14,61.37,42.47,100.02,78.59,78.59,3.09,10.44,1380662782.32,346940004.04
Citizen Involvement + Agriculture,Two,0.06,4.05,5.56,7.74,9.93,3.09,5.56,7.74,9.93,0.06,4.05,3.09,1.49,0.75,0.20,3.09,3.09,3.09,3.09,3.09,3.09,3.09,112.14,61.37,3.09,57.15,57.15,57.15,3.09,3.09,1128225231.22,94502452.94
Citizen Involvement + Agriculture,Two,0.06,56.07,5.56,7.74,9.93,3.09,5.56,7.74,9.93,0.06,56.07,3.09,1.49,0.75,0.20,3.09,3.09,3.09,3.09,3.09,3.09,3.09,112.14,61.37,3.09,57.15,57.15,57.15,3.09,3.09,1790159852.44,756437074.16
Citizen Involvement + Agriculture,Two,0.06,4.05,5.56,7.74,9.93,3.09,5.56,7.74,9.93,0.06,4.05,16.31,6.18,3.09,0.40,3.09,3.09,3.09,3.09,3.09,3.09,3.09,112.14,61.37,3.09,57.15,57.15,57.15,3.09,3.09,1132518338.88,98795560.60
Citizen Involvement + Agriculture,Two,0.06,56.07,5.56,7.74,9.93,3.09,5.56,7.74,9.93,0.06,56.07,16.31,6.18,3.09,0.40,3.09,3.09,3.09,3.09,3.09,3.09,3.09,112.14,61.37,3.09,57.15,57.15,57.15,3.09,3.09,1794452960.10,760730181.82
Citizen Involvement + Agriculture,Two,0.06,4.05,5.56,7.74,9.93,3.09,5.56,7.74,9.93,0.06,4.05,16.31,6.18,3.09,0.40,3.09,3.09,3.09,3.09,3.09,3.09,3.09,112.14,61.37,3.09,57.15,57.15,57.15,3.09,3.09,1208090705.65,174367927.37
Citizen Involvement + Agriculture,Two,0.06,56.07,5.56,7.74,9.93,3.09,5.56,7.74,9.93,0.06,56.07,16.31,6.18,3.09,0.40,3.09,3.09,3.09,3.09,3.09,3.09,3.09,112.14,61.37,3.09,57.15,57.15,57.15,3.09,3.09,1870025326.87,836302548.59
Agriculture + Rights of Way,Two,0.06,4.05,5.56,7.74,9.93,3.09,5.56,7.74,9.93,0.06,4.05,0.00,0.00,0.00,0.00,0.00,1.00,3.09,3.09,3.09,3.09,3.09,112.14,61.37,32.63,100.02,78.59,78.59,3.09,10.44,1334368793.83,300646015.55
Agriculture + Rights of Way,Two,0.06,4.05,5.56,7.74,9.93,3.09,5.56,7.74,9.93,0.06,4.05,0.00,0.00,0.00,0.00,0.00,1.00,3.09,3.09,3.09,3.09,3.09,112.14,61.37,42.47,100.02,78.59,78.59,3.09,10.44,1343219293.67,309496515.39
Agriculture + Rights of Way,Two,0.06,56.07,5.56,7.74,9.93,3.09,5.56,7.74,9.93,0.06,56.07,0.00,0.00,0.00,0.00,0.00,1.00,3.09,3.09,3.09,3.09,3.09,112.14,61.37,32.63,100.02,78.59,78.59,3.09,10.44,1996303415.05,962580636.77
Agriculture + Rights of Way,Two,0.06,56.07,5.56,7.74,9.93,3.09,5.56,7.74,9.93,0.06,56.07,0.00,0.00,0.00,0.00,0.00,1.00,3.09,3.09,3.09,3.09,3.09,112.14,61.37,42.47,100.02,78.59,78.59,3.09,10.44,2005153914.89,971431136.61
Grass Protected Areas + Conservation Reserve Program,Two,0.05,0.05,3.09,5.30,7.50,3.09,3.09,5.30,7.50,0.05,0.05,0.00,0.00,0.00,0.00,0.00,1.00,3.09,3.09,126.55,3.09,126.55,153.50,65.46,3.09,57.15,57.15,57.15,3.09,3.09,1412719478.02,378996699.74
Grass Protected Areas + Conservation Reserve Program,Two,0.05,0.05,3.09,5.30,7.50,3.09,3.09,5.30,7.50,0.05,0.05,0.00,0.00,0.00,0.00,0.00,1.00,3.09,3.09,129.71,3.09,129.71,153.50,65.46,3.09,57.15,57.15,57.15,3.09,3.09,1419609702.51,385886924.23
Citizen Involvement + Conservation Reserve Program,Two,0.05,0.05,3.09,5.30,7.50,3.09,3.09,5.30,7.50,0.05,0.05,3.09,1.49,0.75,0.20,3.09,3.09,3.09,3.09,3.09,3.09,3.09,153.50,65.46,3.09,57.15,57.15,57.15,3.09,3.09,1170167143.08,136444364.80
Citizen Involvement + Conservation Reserve Program,Two,0.05,0.05,3.09,5.30,7.50,3.09,3.09,5.30,7.50,0.05,0.05,3.09,3.09,1.50,0.40,3.09,3.09,3.09,3.09,3.09,3.09,3.09,153.50,65.46,3.09,57.15,57.15,57.15,3.09,3.09,1174460250.74,140737472.46
Citizen Involvement + Conservation Reserve Program,Two,0.05,0.05,3.09,5.30,7.50,3.09,3.09,5.30,7.50,0.05,0.05,16.31,6.18,3.09,0.40,3.09,3.09,3.09,3.09,3.09,3.09,3.09,153.50,65.46,3.09,57.15,57.15,57.15,3.09,3.09,1250032617.51,216309839.23
Rights of Way + Conservation Reserve Program,Two,0.05,0.05,3.09,5.30,7.50,3.09,3.09,5.30,7.50,0.05,0.05,0.00,0.00,0.00,0.00,0.00,1.00,3.09,3.09,3.09,3.09,3.09,153.50,65.46,32.63,100.02,78.59,78.59,3.09,10.44,1376310705.69,342587927.41
Rights of Way + Conservation Reserve Program,Two,0.05,0.05,3.09,5.30,7.50,3.09,3.09,5.30,7.50,0.05,0.05,0.00,0.00,0.00,0.00,0.00,1.00,3.09,3.09,3.09,3.09,3.09,153.50,65.46,42.47,100.02,78.59,78.59,3.09,10.44,1385161205.53,351438427.25
Agriculture + Conservation Reserve Program,Two,0.06,4.05,5.56,7.74,9.93,3.09,5.56,7.74,9.93,0.06,4.05,0.00,0.00,0.00,0.00,0.00,1.00,3.09,3.09,3.09,3.09,3.09,153.50,65.46,3.09,57.15,57.15,57.15,3.09,3.09,1212589128.86,178866350.58
Agriculture + Conservation Reserve Program,Two,0.06,56.07,5.56,7.74,9.93,3.09,5.56,7.74,9.93,0.06,56.07,0.00,0.00,0.00,0.00,0.00,1.00,3.09,3.09,3.09,3.09,3.09,153.50,65.46,3.09,57.15,57.15,57.15,3.09,3.09,1874523750.08,840800971.80
Grass Protected + Citizen Involvement + Rights of Way,Three,0.05,0.05,3.09,5.30,7.50,3.09,3.09,5.30,7.50,0.05,0.05,3.09,1.49,0.75,0.20,3.09,3.09,3.09,3.09,126.55,3.09,126.55,112.14,61.37,32.63,100.02,78.59,78.59,3.09,10.44,1560539376.57,526816598.29
Grass Protected + Citizen Involvement + Rights of Way,Three,0.05,0.05,3.09,5.30,7.50,3.09,3.09,5.30,7.50,0.05,0.05,3.09,1.49,0.75,0.20,3.09,3.09,3.09,3.09,126.55,3.09,126.55,112.14,61.37,42.47,100.02,78.59,78.59,3.09,10.44,1569389876.41,535667098.13
Grass Protected + Citizen Involvement + Rights of Way,Three,0.05,0.05,3.09,5.30,7.50,3.09,3.09,5.30,7.50,0.05,0.05,3.09,3.09,1.50,0.40,3.09,3.09,3.09,3.09,126.55,3.09,126.55,112.14,61.37,32.63,100.02,78.59,78.59,3.09,10.44,1564832484.23,531109705.95
Grass Protected + Citizen Involvement + Rights of Way,Three,0.05,0.05,3.09,5.30,7.50,3.09,3.09,5.30,7.50,0.05,0.05,3.09,3.09,1.50,0.40,3.09,3.09,3.09,3.09,126.55,3.09,126.55,112.14,61.37,42.47,100.02,78.59,78.59,3.09,10.44,1573682984.07,539960205.79
Grass Protected + Citizen Involvement + Rights of Way,Three,0.05,0.05,3.09,5.30,7.50,3.09,3.09,5.30,7.50,0.05,0.05,16.31,6.18,3.09,0.40,3.09,3.09,3.09,3.09,126.55,3.09,126.55,112.14,61.37,32.63,100.02,78.59,78.59,3.09,10.44,1640404851.00,606682072.72
Grass Protected + Citizen Involvement + Rights of Way,Three,0.05,0.05,3.09,5.30,7.50,3.09,3.09,5.30,7.50,0.05,0.05,16.31,6.18,3.09,0.40,3.09,3.09,3.09,3.09,126.55,3.09,126.55,112.14,61.37,42.47,100.02,78.59,78.59,3.09,10.44,1649255350.84,615532572.56
Grass Protected + Citizen Involvement + Rights of Way,Three,0.05,0.05,3.09,5.30,7.50,3.09,3.09,5.30,7.50,0.05,0.05,3.09,1.49,0.75,0.20,3.09,3.09,3.09,3.09,129.71,3.09,129.71,112.14,61.37,32.63,100.02,78.59,78.59,3.09,10.44,1567429601.06,533706822.78
Grass Protected + Citizen Involvement + Rights of Way,Three,0.05,0.05,3.09,5.30,7.50,3.09,3.09,5.30,7.50,0.05,0.05,3.09,1.49,0.75,0.20,3.09,3.09,3.09,3.09,129.71,3.09,129.71,112.14,61.37,42.47,100.02,78.59,78.59,3.09,10.44,1576280100.90,542557322.62
Grass Protected + Citizen Involvement + Rights of Way,Three,0.05,0.05,3.09,5.30,7.50,3.09,3.09,5.30,7.50,0.05,0.05,3.09,3.09,1.50,0.40,3.09,3.09,3.09,3.09,129.71,3.09,129.71,112.14,61.37,32.63,100.02,78.59,78.59,3.09,10.44,1571722708.72,537999930.44
Grass Protected + Citizen Involvement + Rights of Way,Three,0.05,0.05,3.09,5.30,7.50,3.09,3.09,5.30,7.50,0.05,0.05,3.09,3.09,1.50,0.40,3.09,3.09,3.09,3.09,129.71,3.09,129.71,112.14,61.37,42.47,100.02,78.59,78.59,3.09,10.44,1580573208.56,546850430.28
Grass Protected + Citizen Involvement + Rights of Way,Three,0.05,0.05,3.09,5.30,7.50,3.09,3.09,5.30,7.50,0.05,0.05,16.31,6.18,3.09,0.40,3.09,3.09,3.09,3.09,129.71,3.09,129.71,112.14,61.37,32.63,100.02,78.59,78.59,3.09,10.44,1647295075.49,613572297.21
Grass Protected + Citizen Involvement + Rights of Way,Three,0.05,0.05,3.09,5.30,7.50,3.09,3.09,5.30,7.50,0.05,0.05,16.31,6.18,3.09,0.40,3.09,3.09,3.09,3.09,129.71,3.09,129.71,112.14,61.37,42.47,100.02,78.59,78.59,3.09,10.44,1656145575.33,622422797.05
Grass Protected + Citizen Involvement + Agriculture,Three,0.06,4.05,5.56,7.74,9.93,3.09,5.56,7.74,9.93,0.06,4.05,3.09,1.49,0.75,0.20,3.09,3.09,3.09,3.09,126.55,3.09,126.55,112.14,61.37,3.09,57.15,57.15,57.15,3.09,3.09,1396817799.74,363095021.46
Grass Protected + Citizen Involvement + Agriculture,Three,0.06,56.07,5.56,7.74,9.93,3.09,5.56,7.74,9.93,0.06,56.07,3.09,1.49,0.75,0.20,3.09,3.09,3.09,3.09,126.55,3.09,126.55,112.14,61.37,3.09,57.15,57.15,57.15,3.09,3.09,2058752420.96,1025029642.68
Grass Protected + Citizen Involvement + Agriculture,Three,0.06,4.05,5.56,7.74,9.93,3.09,5.56,7.74,9.93,0.06,4.05,16.31,6.18,3.09,0.40,3.09,3.09,3.09,3.09,126.55,3.09,126.55,112.14,61.37,3.09,57.15,57.15,57.15,3.09,3.09,1401110907.40,367388129.12
Grass Protected + Citizen Involvement + Agriculture,Three,0.06,56.07,5.56,7.74,9.93,3.09,5.56,7.74,9.93,0.06,56.07,16.31,6.18,3.09,0.40,3.09,3.09,3.09,3.09,126.55,3.09,126.55,112.14,61.37,3.09,57.15,57.15,57.15,3.09,3.09,2063045528.62,1029322750.34
Grass Protected + Citizen Involvement + Agriculture,Three,0.06,4.05,5.56,7.74,9.93,3.09,5.56,7.74,9.93,0.06,4.05,16.31,6.18,3.09,0.40,3.09,3.09,3.09,3.09,126.55,3.09,126.55,112.14,61.37,3.09,57.15,57.15,57.15,3.09,3.09,1476683274.17,442960495.89
Grass Protected + Citizen Involvement + Agriculture,Three,0.06,56.07,5.56,7.74,9.93,3.09,5.56,7.74,9.93,0.06,56.07,16.31,6.18,3.09,0.40,3.09,3.09,3.09,3.09,126.55,3.09,126.55,112.14,61.37,3.09,57.15,57.15,57.15,3.09,3.09,2138617895.39,1104895117.11
Grass Protected + Citizen Involvement + Agriculture,Three,0.06,4.05,5.56,7.74,9.93,3.09,5.56,7.74,9.93,0.06,4.05,3.09,1.49,0.75,0.20,3.09,3.09,3.09,3.09,129.71,3.09,129.71,112.14,61.37,3.09,57.15,57.15,57.15,3.09,3.09,1403708024.23,369985245.95
Grass Protected + Citizen Involvement + Agriculture,Three,0.06,56.07,5.56,7.74,9.93,3.09,5.56,7.74,9.93,0.06,56.07,3.09,1.49,0.75,0.20,3.09,3.09,3.09,3.09,129.71,3.09,129.71,112.14,61.37,3.09,57.15,57.15,57.15,3.09,3.09,2065642645.45,1031919867.17
Grass Protected + Citizen Involvement + Agriculture,Three,0.06,4.05,5.56,7.74,9.93,3.09,5.56,7.74,9.93,0.06,4.05,16.31,6.18,3.09,0.40,3.09,3.09,3.09,3.09,129.71,3.09,129.71,112.14,61.37,3.09,57.15,57.15,57.15,3.09,3.09,1408001131.89,374278353.61
Grass Protected + Citizen Involvement + Agriculture,Three,0.06,56.07,5.56,7.74,9.93,3.09,5.56,7.74,9.93,0.06,56.07,16.31,6.18,3.09,0.40,3.09,3.09,3.09,3.09,129.71,3.09,129.71,112.14,61.37,3.09,57.15,57.15,57.15,3.09,3.09,2069935753.11,1036212974.83
Grass Protected + Citizen Involvement + Agriculture,Three,0.06,4.05,5.56,7.74,9.93,3.09,5.56,7.74,9.93,0.06,4.05,16.31,6.18,3.09,0.40,3.09,3.09,3.09,3.09,129.71,3.09,129.71,112.14,61.37,3.09,57.15,57.15,57.15,3.09,3.09,1483573498.66,449850720.38
Grass Protected + Citizen Involvement + Agriculture,Three,0.06,56.07,5.56,7.74,9.93,3.09,5.56,7.74,9.93,0.06,56.07,16.31,6.18,3.09,0.40,3.09,3.09,3.09,3.09,129.71,3.09,129.71,112.14,61.37,3.09,57.15,57.15,57.15,3.09,3.09,2145508119.88,1111785341.60
Grass Protected + Citizen Involvement + Conservation Reserve Program,Three,0.05,0.05,3.09,5.30,7.50,3.09,3.09,5.30,7.50,0.05,0.05,3.09,1.49,0.75,0.20,3.09,3.09,3.09,3.09,126.55,3.09,126.55,153.50,65.46,3.09,57.15,57.15,57.15,3.09,3.09,1438759711.60,405036933.32
Grass Protected + Citizen Involvement + Conservation Reserve Program,Three,0.05,0.05,3.09,5.30,7.50,3.09,3.09,5.30,7.50,0.05,0.05,3.09,3.09,1.50,0.40,3.09,3.09,3.09,3.09,126.55,3.09,126.55,153.50,65.46,3.09,57.15,57.15,57.15,3.09,3.09,1443052819.26,409330040.98
Grass Protected + Citizen Involvement + Conservation Reserve Program,Three,0.05,0.05,3.09,5.30,7.50,3.09,3.09,5.30,7.50,0.05,0.05,16.31,6.18,3.09,0.40,3.09,3.09,3.09,3.09,126.55,3.09,126.55,153.50,65.46,3.09,57.15,57.15,57.15,3.09,3.09,1518625186.03,484902407.75
Grass Protected + Citizen Involvement + Conservation Reserve Program,Three,0.05,0.05,3.09,5.30,7.50,3.09,3.09,5.30,7.50,0.05,0.05,3.09,1.49,0.75,0.20,3.09,3.09,3.09,3.09,129.71,3.09,129.71,153.50,65.46,3.09,57.15,57.15,57.15,3.09,3.09,1445649936.09,411927157.81
Grass Protected + Citizen Involvement + Conservation Reserve Program,Three,0.05,0.05,3.09,5.30,7.50,3.09,3.09,5.30,7.50,0.05,0.05,3.09,3.09,1.50,0.40,3.09,3.09,3.09,3.09,129.71,3.09,129.71,153.50,65.46,3.09,57.15,57.15,57.15,3.09,3.09,1449943043.75,416220265.47
Grass Protected + Citizen Involvement + Conservation Reserve Program,Three,0.05,0.05,3.09,5.30,7.50,3.09,3.09,5.30,7.50,0.05,0.05,16.31,6.18,3.09,0.40,3.09,3.09,3.09,3.09,129.71,3.09,129.71,153.50,65.46,3.09,57.15,57.15,57.15,3.09,3.09,1525515410.52,491792632.24
Grass Protected + Rights of Way + Conservation Reserve Program,Three,0.05,0.05,3.09,5.30,7.50,3.09,3.09,5.30,7.50,0.05,0.05,0.00,0.00,0.00,0.00,0.00,1.00,3.09,3.09,126.55,3.09,126.55,153.50,65.46,32.63,100.02,78.59,78.59,3.09,10.44,1644903274.21,611180495.93
Grass Protected + Rights of Way + Conservation Reserve Program,Three,0.05,0.05,3.09,5.30,7.50,3.09,3.09,5.30,7.50,0.05,0.05,0.00,0.00,0.00,0.00,0.00,1.00,3.09,3.09,126.55,3.09,126.55,153.50,65.46,42.47,100.02,78.59,78.59,3.09,10.44,1653753774.05,620030995.77
Grass Protected + Rights of Way + Conservation Reserve Program,Three,0.05,0.05,3.09,5.30,7.50,3.09,3.09,5.30,7.50,0.05,0.05,0.00,0.00,0.00,0.00,0.00,1.00,3.09,3.09,129.71,3.09,129.71,153.50,65.46,32.63,100.02,78.59,78.59,3.09,10.44,1651793498.70,618070720.42
Grass Protected + Rights of Way + Conservation Reserve Program,Three,0.05,0.05,3.09,5.30,7.50,3.09,3.09,5.30,7.50,0.05,0.05,0.00,0.00,0.00,0.00,0.00,1.00,3.09,3.09,129.71,3.09,129.71,153.50,65.46,42.47,100.02,78.59,78.59,3.09,10.44,1660643998.54,626921220.26
Grass Protected + Agriculture + Conservation Reserve Program,Three,0.06,4.05,5.56,7.74,9.93,3.09,5.56,7.74,9.93,0.06,4.05,0.00,0.00,0.00,0.00,0.00,1.00,3.09,3.09,126.55,3.09,126.55,153.50,65.46,3.09,57.15,57.15,57.15,3.09,3.09,1481181697.38,447458919.10
Grass Protected + Agriculture + Conservation Reserve Program,Three,0.06,56.07,5.56,7.74,9.93,3.09,5.56,7.74,9.93,0.06,56.07,0.00,0.00,0.00,0.00,0.00,1.00,3.09,3.09,126.55,3.09,126.55,153.50,65.46,3.09,57.15,57.15,57.15,3.09,3.09,2143116318.60,1109393540.32
Grass Protected + Agriculture + Conservation Reserve Program,Three,0.06,4.05,5.56,7.74,9.93,3.09,5.56,7.74,9.93,0.06,4.05,0.00,0.00,0.00,0.00,0.00,1.00,3.09,3.09,129.71,3.09,129.71,153.50,65.46,3.09,57.15,57.15,57.15,3.09,3.09,1488071921.87,454349143.59
Grass Protected + Agriculture + Conservation Reserve Program,Three,0.06,56.07,5.56,7.74,9.93,3.09,5.56,7.74,9.93,0.06,56.07,0.00,0.00,0.00,0.00,0.00,1.00,3.09,3.09,129.71,3.09,129.71,153.50,65.46,3.09,57.15,57.15,57.15,3.09,3.09,2150006543.09,1116283764.81
Citizen Involvement + Rights of Way + Conservation Reserve Program,Three,0.05,0.05,3.09,5.30,7.50,3.09,3.09,5.30,7.50,0.05,0.05,3.09,1.49,0.75,0.20,3.09,3.09,3.09,3.09,3.09,3.09,3.09,153.50,65.46,32.63,100.02,78.59,78.59,3.09,10.44,1402350939.27,368628160.99
Citizen Involvement + Rights of Way + Conservation Reserve Program,Three,0.05,0.05,3.09,5.30,7.50,3.09,3.09,5.30,7.50,0.05,0.05,3.09,1.49,0.75,0.20,3.09,3.09,3.09,3.09,3.09,3.09,3.09,153.50,65.46,42.47,100.02,78.59,78.59,3.09,10.44,1411201439.11,377478660.83
Citizen Involvement + Rights of Way + Conservation Reserve Program,Three,0.05,0.05,3.09,5.30,7.50,3.09,3.09,5.30,7.50,0.05,0.05,3.09,3.09,1.50,0.40,3.09,3.09,3.09,3.09,3.09,3.09,3.09,153.50,65.46,32.63,100.02,78.59,78.59,3.09,10.44,1406644046.93,372921268.65
Citizen Involvement + Rights of Way + Conservation Reserve Program,Three,0.05,0.05,3.09,5.30,7.50,3.09,3.09,5.30,7.50,0.05,0.05,3.09,3.09,1.50,0.40,3.09,3.09,3.09,3.09,3.09,3.09,3.09,153.50,65.46,42.47,100.02,78.59,78.59,3.09,10.44,1415494546.77,381771768.49
Citizen Involvement + Rights of Way + Conservation Reserve Program,Three,0.05,0.05,3.09,5.30,7.50,3.09,3.09,5.30,7.50,0.05,0.05,16.31,6.18,3.09,0.40,3.09,3.09,3.09,3.09,3.09,3.09,3.09,153.50,65.46,32.63,100.02,78.59,78.59,3.09,10.44,1482216413.70,448493635.42
Citizen Involvement + Rights of Way + Conservation Reserve Program,Three,0.05,0.05,3.09,5.30,7.50,3.09,3.09,5.30,7.50,0.05,0.05,16.31,6.18,3.09,0.40,3.09,3.09,3.09,3.09,3.09,3.09,3.09,153.50,65.46,42.47,100.02,78.59,78.59,3.09,10.44,1491066913.54,457344135.26
Citizen Involvement + Agriculture + Conservation Reserve Program,Three,0.06,4.05,5.56,7.74,9.93,3.09,5.56,7.74,9.93,0.06,4.05,3.09,1.49,0.75,0.20,3.09,3.09,3.09,3.09,3.09,3.09,3.09,153.50,65.46,3.09,57.15,57.15,57.15,3.09,3.09,1238629362.44,204906584.16
Citizen Involvement + Agriculture + Conservation Reserve Program,Three,0.06,56.07,5.56,7.74,9.93,3.09,5.56,7.74,9.93,0.06,56.07,3.09,1.49,0.75,0.20,3.09,3.09,3.09,3.09,3.09,3.09,3.09,153.50,65.46,3.09,57.15,57.15,57.15,3.09,3.09,1900563983.66,866841205.38
Citizen Involvement + Agriculture + Conservation Reserve Program,Three,0.06,4.05,5.56,7.74,9.93,3.09,5.56,7.74,9.93,0.06,4.05,16.31,6.18,3.09,0.40,3.09,3.09,3.09,3.09,3.09,3.09,3.09,153.50,65.46,3.09,57.15,57.15,57.15,3.09,3.09,1242922470.10,209199691.82
Citizen Involvement + Agriculture + Conservation Reserve Program,Three,0.06,56.07,5.56,7.74,9.93,3.09,5.56,7.74,9.93,0.06,56.07,16.31,6.18,3.09,0.40,3.09,3.09,3.09,3.09,3.09,3.09,3.09,153.50,65.46,3.09,57.15,57.15,57.15,3.09,3.09,1904857091.32,871134313.04
Citizen Involvement + Agriculture + Conservation Reserve Program,Three,0.06,4.05,5.56,7.74,9.93,3.09,5.56,7.74,9.93,0.06,4.05,16.31,6.18,3.09,0.40,3.09,3.09,3.09,3.09,3.09,3.09,3.09,153.50,65.46,3.09,57.15,57.15,57.15,3.09,3.09,1318494836.87,284772058.59
Citizen Involvement + Agriculture + Conservation Reserve Program,Three,0.06,56.07,5.56,7.74,9.93,3.09,5.56,7.74,9.93,0.06,56.07,16.31,6.18,3.09,0.40,3.09,3.09,3.09,3.09,3.09,3.09,3.09,153.50,65.46,3.09,57.15,57.15,57.15,3.09,3.09,1980429458.09,946706679.81
Agriculture + Rights of Way + Conservation Reserve Program,Three,0.06,4.05,5.56,7.74,9.93,3.09,5.56,7.74,9.93,0.06,4.05,0.00,0.00,0.00,0.00,0.00,1.00,3.09,3.09,3.09,3.09,3.09,153.50,65.46,32.63,100.02,78.59,78.59,3.09,10.44,1444772925.05,411050146.77
Agriculture + Rights of Way + Conservation Reserve Program,Three,0.06,4.05,5.56,7.74,9.93,3.09,5.56,7.74,9.93,0.06,4.05,0.00,0.00,0.00,0.00,0.00,1.00,3.09,3.09,3.09,3.09,3.09,153.50,65.46,42.47,100.02,78.59,78.59,3.09,10.44,1453623424.89,419900646.61
Agriculture + Rights of Way + Conservation Reserve Program,Three,0.06,56.07,5.56,7.74,9.93,3.09,5.56,7.74,9.93,0.06,56.07,0.00,0.00,0.00,0.00,0.00,1.00,3.09,3.09,3.09,3.09,3.09,153.50,65.46,32.63,100.02,78.59,78.59,3.09,10.44,2106707546.27,1072984767.99
Agriculture + Rights of Way + Conservation Reserve Program,Three,0.06,56.07,5.56,7.74,9.93,3.09,5.56,7.74,9.93,0.06,56.07,0.00,0.00,0.00,0.00,0.00,1.00,3.09,3.09,3.09,3.09,3.09,153.50,65.46,42.47,100.02,78.59,78.59,3.09,10.44,2115558046.11,1081835267.83
Grass Protected + Rights of Way + Agriculture ,Three,0.06,4.05,5.56,7.74,9.93,3.09,5.56,7.74,9.93,0.06,4.05,0.00,0.00,0.00,0.00,0.00,1.00,3.09,3.09,126.55,3.09,126.55,112.14,61.37,32.63,100.02,78.59,78.59,3.09,10.44,1602961362.35,569238584.07
Grass Protected + Rights of Way + Agriculture,Three,0.06,4.05,5.56,7.74,9.93,3.09,5.56,7.74,9.93,0.06,4.05,0.00,0.00,0.00,0.00,0.00,1.00,3.09,3.09,126.55,3.09,126.55,112.14,61.37,42.47,100.02,78.59,78.59,3.09,10.44,1611811862.19,578089083.91
Grass Protected + Rights of Way + Agriculture,Three,0.06,56.07,5.56,7.74,9.93,3.09,5.56,7.74,9.93,0.06,56.07,0.00,0.00,0.00,0.00,0.00,1.00,3.09,3.09,126.55,3.09,126.55,112.14,61.37,32.63,100.02,78.59,78.59,3.09,10.44,2264895983.57,1231173205.29
Grass Protected + Rights of Way + Agriculture,Three,0.06,56.07,5.56,7.74,9.93,3.09,5.56,7.74,9.93,0.06,56.07,0.00,0.00,0.00,0.00,0.00,1.00,3.09,3.09,126.55,3.09,126.55,112.14,61.37,42.47,100.02,78.59,78.59,3.09,10.44,2273746483.41,1240023705.13
Grass Protected + Rights of Way + Agriculture,Three,0.06,4.05,5.56,7.74,9.93,3.09,5.56,7.74,9.93,0.06,4.05,0.00,0.00,0.00,0.00,0.00,1.00,3.09,3.09,129.71,3.09,129.71,112.14,61.37,32.63,100.02,78.59,78.59,3.09,10.44,1609851586.84,576128808.56
Grass Protected + Rights of Way + Agriculture,Three,0.06,4.05,5.56,7.74,9.93,3.09,5.56,7.74,9.93,0.06,4.05,0.00,0.00,0.00,0.00,0.00,1.00,3.09,3.09,129.71,3.09,129.71,112.14,61.37,42.47,100.02,78.59,78.59,3.09,10.44,1618702086.68,584979308.40
Grass Protected + Rights of Way + Agriculture,Three,0.06,56.07,5.56,7.74,9.93,3.09,5.56,7.74,9.93,0.06,56.07,0.00,0.00,0.00,0.00,0.00,1.00,3.09,3.09,129.71,3.09,129.71,112.14,61.37,32.63,100.02,78.59,78.59,3.09,10.44,2271786208.06,1238063429.78
Grass Protected + Rights of Way + Agriculture,Three,0.06,56.07,5.56,7.74,9.93,3.09,5.56,7.74,9.93,0.06,56.07,0.00,0.00,0.00,0.00,0.00,1.00,3.09,3.09,129.71,3.09,129.71,112.14,61.37,42.47,100.02,78.59,78.59,3.09,10.44,2280636707.90,1246913929.62
Citizen Involvement + Rights of Way + Agriculture,Three,0.06,4.05,5.56,7.74,9.93,3.09,5.56,7.74,9.93,0.06,4.05,3.09,1.49,0.75,0.20,3.09,3.09,3.09,3.09,3.09,3.09,3.09,112.14,61.37,32.63,100.02,78.59,78.59,3.09,10.44,1360409027.41,326686249.13
Citizen Involvement + Rights of Way + Agriculture,Three,0.06,4.05,5.56,7.74,9.93,3.09,5.56,7.74,9.93,0.06,4.05,3.09,1.49,0.75,0.20,3.09,3.09,3.09,3.09,3.09,3.09,3.09,112.14,61.37,42.47,100.02,78.59,78.59,3.09,10.44,1369259527.25,335536748.97
Citizen Involvement + Rights of Way + Agriculture,Three,0.06,56.07,5.56,7.74,9.93,3.09,5.56,7.74,9.93,0.06,56.07,3.09,1.49,0.75,0.20,3.09,3.09,3.09,3.09,3.09,3.09,3.09,112.14,61.37,32.63,100.02,78.59,78.59,3.09,10.44,2022343648.63,988620870.35
Citizen Involvement + Rights of Way + Agriculture,Three,0.06,56.07,5.56,7.74,9.93,3.09,5.56,7.74,9.93,0.06,56.07,3.09,1.49,0.75,0.20,3.09,3.09,3.09,3.09,3.09,3.09,3.09,112.14,61.37,42.47,100.02,78.59,78.59,3.09,10.44,2031194148.47,997471370.19
Citizen Involvement + Rights of Way + Agriculture,Three,0.06,4.05,5.56,7.74,9.93,3.09,5.56,7.74,9.93,0.06,4.05,3.09,3.09,1.50,0.40,3.09,3.09,3.09,3.09,3.09,3.09,3.09,112.14,61.37,32.63,100.02,78.59,78.59,3.09,10.44,1364702135.07,330979356.79
Citizen Involvement + Rights of Way + Agriculture,Three,0.06,4.05,5.56,7.74,9.93,3.09,5.56,7.74,9.93,0.06,4.05,3.09,3.09,1.50,0.40,3.09,3.09,3.09,3.09,3.09,3.09,3.09,112.14,61.37,42.47,100.02,78.59,78.59,3.09,10.44,1373552634.91,339829856.63
Citizen Involvement + Rights of Way + Agriculture,Three,0.06,56.07,5.56,7.74,9.93,3.09,5.56,7.74,9.93,0.06,56.07,3.09,3.09,1.50,0.40,3.09,3.09,3.09,3.09,3.09,3.09,3.09,112.14,61.37,32.63,100.02,78.59,78.59,3.09,10.44,2026636756.29,992913978.01
Citizen Involvement + Rights of Way + Agriculture,Three,0.06,56.07,5.56,7.74,9.93,3.09,5.56,7.74,9.93,0.06,56.07,3.09,3.09,1.50,0.40,3.09,3.09,3.09,3.09,3.09,3.09,3.09,112.14,61.37,42.47,100.02,78.59,78.59,3.09,10.44,2035487256.13,1001764477.85
Citizen Involvement + Rights of Way + Agriculture,Three,0.06,4.05,5.56,7.74,9.93,3.09,5.56,7.74,9.93,0.06,4.05,16.31,6.18,3.09,0.40,3.09,3.09,3.09,3.09,3.09,3.09,3.09,112.14,61.37,32.63,100.02,78.59,78.59,3.09,10.44,1440274501.84,406551723.56
Citizen Involvement + Rights of Way + Agriculture,Three,0.06,4.05,5.56,7.74,9.93,3.09,5.56,7.74,9.93,0.06,4.05,16.31,6.18,3.09,0.40,3.09,3.09,3.09,3.09,3.09,3.09,3.09,112.14,61.37,42.47,100.02,78.59,78.59,3.09,10.44,1449125001.68,415402223.40
Citizen Involvement + Rights of Way + Agriculture,Three,0.06,56.07,5.56,7.74,9.93,3.09,5.56,7.74,9.93,0.06,56.07,16.31,6.18,3.09,0.40,3.09,3.09,3.09,3.09,3.09,3.09,3.09,112.14,61.37,32.63,100.02,78.59,78.59,3.09,10.44,2102209123.06,1068486344.78
Citizen Involvement + Rights of Way + Agriculture,Three,0.06,56.07,5.56,7.74,9.93,3.09,5.56,7.74,9.93,0.06,56.07,16.31,6.18,3.09,0.40,3.09,3.09,3.09,3.09,3.09,3.09,3.09,112.14,61.37,42.47,100.02,78.59,78.59,3.09,10.44,2111059622.90,1077336844.62
Grass Protected + Citizen Involvement + Rights of Way + Conservation Reserve Program,Four,0.05,0.05,3.09,5.30,7.50,3.09,3.09,5.30,7.50,0.05,0.05,3.09,1.49,0.75,0.20,3.09,3.09,3.09,3.09,126.55,3.09,126.55,153.50,65.46,32.63,100.02,78.59,78.59,3.09,10.44,1670943507.79,637220729.51
Grass Protected + Citizen Involvement + Rights of Way + Conservation Reserve Program,Four,0.05,0.05,3.09,5.30,7.50,3.09,3.09,5.30,7.50,0.05,0.05,3.09,1.49,0.75,0.20,3.09,3.09,3.09,3.09,126.55,3.09,126.55,153.50,65.46,42.47,100.02,78.59,78.59,3.09,10.44,1679794007.63,646071229.35
Grass Protected + Citizen Involvement + Rights of Way + Conservation Reserve Program,Four,0.05,0.05,3.09,5.30,7.50,3.09,3.09,5.30,7.50,0.05,0.05,3.09,3.09,1.50,0.40,3.09,3.09,3.09,3.09,126.55,3.09,126.55,153.50,65.46,32.63,100.02,78.59,78.59,3.09,10.44,1675236615.45,641513837.17
Grass Protected + Citizen Involvement + Rights of Way + Conservation Reserve Program,Four,0.05,0.05,3.09,5.30,7.50,3.09,3.09,5.30,7.50,0.05,0.05,3.09,3.09,1.50,0.40,3.09,3.09,3.09,3.09,126.55,3.09,126.55,153.50,65.46,42.47,100.02,78.59,78.59,3.09,10.44,1684087115.29,650364337.01
Grass Protected + Citizen Involvement + Rights of Way + Conservation Reserve Program,Four,0.05,0.05,3.09,5.30,7.50,3.09,3.09,5.30,7.50,0.05,0.05,16.31,6.18,3.09,0.40,3.09,3.09,3.09,3.09,126.55,3.09,126.55,153.50,65.46,32.63,100.02,78.59,78.59,3.09,10.44,1750808982.22,717086203.94
Grass Protected + Citizen Involvement + Rights of Way + Conservation Reserve Program,Four,0.05,0.05,3.09,5.30,7.50,3.09,3.09,5.30,7.50,0.05,0.05,16.31,6.18,3.09,0.40,3.09,3.09,3.09,3.09,126.55,3.09,126.55,153.50,65.46,42.47,100.02,78.59,78.59,3.09,10.44,1759659482.06,725936703.78
Grass Protected + Citizen Involvement + Rights of Way + Conservation Reserve Program,Four,0.05,0.05,3.09,5.30,7.50,3.09,3.09,5.30,7.50,0.05,0.05,3.09,1.49,0.75,0.20,3.09,3.09,3.09,3.09,129.71,3.09,129.71,153.50,65.46,32.63,100.02,78.59,78.59,3.09,10.44,1677833732.28,644110954.00
Grass Protected + Citizen Involvement + Rights of Way + Conservation Reserve Program,Four,0.05,0.05,3.09,5.30,7.50,3.09,3.09,5.30,7.50,0.05,0.05,3.09,1.49,0.75,0.20,3.09,3.09,3.09,3.09,129.71,3.09,129.71,153.50,65.46,42.47,100.02,78.59,78.59,3.09,10.44,1686684232.12,652961453.84
Grass Protected + Citizen Involvement + Rights of Way + Conservation Reserve Program,Four,0.05,0.05,3.09,5.30,7.50,3.09,3.09,5.30,7.50,0.05,0.05,3.09,3.09,1.50,0.40,3.09,3.09,3.09,3.09,129.71,3.09,129.71,153.50,65.46,32.63,100.02,78.59,78.59,3.09,10.44,1682126839.94,648404061.66
Grass Protected + Citizen Involvement + Rights of Way + Conservation Reserve Program,Four,0.05,0.05,3.09,5.30,7.50,3.09,3.09,5.30,7.50,0.05,0.05,3.09,3.09,1.50,0.40,3.09,3.09,3.09,3.09,129.71,3.09,129.71,153.50,65.46,42.47,100.02,78.59,78.59,3.09,10.44,1690977339.78,657254561.50
Grass Protected + Citizen Involvement + Rights of Way + Conservation Reserve Program,Four,0.05,0.05,3.09,5.30,7.50,3.09,3.09,5.30,7.50,0.05,0.05,16.31,6.18,3.09,0.40,3.09,3.09,3.09,3.09,129.71,3.09,129.71,153.50,65.46,32.63,100.02,78.59,78.59,3.09,10.44,1757699206.71,723976428.43
Grass Protected + Citizen Involvement + Rights of Way + Conservation Reserve Program,Four,0.05,0.05,3.09,5.30,7.50,3.09,3.09,5.30,7.50,0.05,0.05,16.31,6.18,3.09,0.40,3.09,3.09,3.09,3.09,129.71,3.09,129.71,153.50,65.46,42.47,100.02,78.59,78.59,3.09,10.44,1766549706.55,732826928.27
Grass Protected + Citizen Involvement + Agriculture + Conservation Reserve Program,Four,0.06,4.05,5.56,7.74,9.93,3.09,5.56,7.74,9.93,0.06,4.05,3.09,1.49,0.75,0.20,3.09,3.09,3.09,3.09,126.55,3.09,126.55,153.50,65.46,3.09,57.15,57.15,57.15,3.09,3.09,1507221930.96,473499152.68
Grass Protected + Citizen Involvement + Agriculture + Conservation Reserve Program,Four,0.06,56.07,5.56,7.74,9.93,3.09,5.56,7.74,9.93,0.06,56.07,3.09,1.49,0.75,0.20,3.09,3.09,3.09,3.09,126.55,3.09,126.55,153.50,65.46,3.09,57.15,57.15,57.15,3.09,3.09,2169156552.18,1135433773.90
Grass Protected + Citizen Involvement + Agriculture + Conservation Reserve Program,Four,0.06,4.05,5.56,7.74,9.93,3.09,5.56,7.74,9.93,0.06,4.05,16.31,6.18,3.09,0.40,3.09,3.09,3.09,3.09,126.55,3.09,126.55,153.50,65.46,3.09,57.15,57.15,57.15,3.09,3.09,1511515038.62,477792260.34
Grass Protected + Citizen Involvement + Agriculture + Conservation Reserve Program,Four,0.06,56.07,5.56,7.74,9.93,3.09,5.56,7.74,9.93,0.06,56.07,16.31,6.18,3.09,0.40,3.09,3.09,3.09,3.09,126.55,3.09,126.55,153.50,65.46,3.09,57.15,57.15,57.15,3.09,3.09,2173449659.84,1139726881.56
Grass Protected + Citizen Involvement + Agriculture + Conservation Reserve Program,Four,0.06,4.05,5.56,7.74,9.93,3.09,5.56,7.74,9.93,0.06,4.05,16.31,6.18,3.09,0.40,3.09,3.09,3.09,3.09,126.55,3.09,126.55,153.50,65.46,3.09,57.15,57.15,57.15,3.09,3.09,1587087405.39,553364627.11
Grass Protected + Citizen Involvement + Agriculture + Conservation Reserve Program,Four,0.06,56.07,5.56,7.74,9.93,3.09,5.56,7.74,9.93,0.06,56.07,16.31,6.18,3.09,0.40,3.09,3.09,3.09,3.09,126.55,3.09,126.55,153.50,65.46,3.09,57.15,57.15,57.15,3.09,3.09,2249022026.61,1215299248.33
Grass Protected + Citizen Involvement + Agriculture + Conservation Reserve Program,Four,0.06,4.05,5.56,7.74,9.93,3.09,5.56,7.74,9.93,0.06,4.05,3.09,1.49,0.75,0.20,3.09,3.09,3.09,3.09,129.71,3.09,129.71,153.50,65.46,3.09,57.15,57.15,57.15,3.09,3.09,1514112155.45,480389377.17
Grass Protected + Citizen Involvement + Agriculture + Conservation Reserve Program,Four,0.06,56.07,5.56,7.74,9.93,3.09,5.56,7.74,9.93,0.06,56.07,3.09,1.49,0.75,0.20,3.09,3.09,3.09,3.09,129.71,3.09,129.71,153.50,65.46,3.09,57.15,57.15,57.15,3.09,3.09,2176046776.67,1142323998.39
Grass Protected + Citizen Involvement + Agriculture + Conservation Reserve Program,Four,0.06,4.05,5.56,7.74,9.93,3.09,5.56,7.74,9.93,0.06,4.05,16.31,6.18,3.09,0.40,3.09,3.09,3.09,3.09,129.71,3.09,129.71,153.50,65.46,3.09,57.15,57.15,57.15,3.09,3.09,1518405263.11,484682484.83
Grass Protected + Citizen Involvement + Agriculture + Conservation Reserve Program,Four,0.06,56.07,5.56,7.74,9.93,3.09,5.56,7.74,9.93,0.06,56.07,16.31,6.18,3.09,0.40,3.09,3.09,3.09,3.09,129.71,3.09,129.71,153.50,65.46,3.09,57.15,57.15,57.15,3.09,3.09,2180339884.33,1146617106.05
Grass Protected + Citizen Involvement + Agriculture + Conservation Reserve Program,Four,0.06,4.05,5.56,7.74,9.93,3.09,5.56,7.74,9.93,0.06,4.05,16.31,6.18,3.09,0.40,3.09,3.09,3.09,3.09,129.71,3.09,129.71,153.50,65.46,3.09,57.15,57.15,57.15,3.09,3.09,1593977629.88,560254851.60
Grass Protected + Citizen Involvement + Agriculture + Conservation Reserve Program,Four,0.06,56.07,5.56,7.74,9.93,3.09,5.56,7.74,9.93,0.06,56.07,16.31,6.18,3.09,0.40,3.09,3.09,3.09,3.09,129.71,3.09,129.71,153.50,65.46,3.09,57.15,57.15,57.15,3.09,3.09,2255912251.10,1222189472.82
Grass Protected + Rights of Way + Agriculture + Conservation Reserve Program,Four,0.06,4.05,5.56,7.74,9.93,3.09,5.56,7.74,9.93,0.06,4.05,0.00,0.00,0.00,0.00,0.00,1.00,3.09,3.09,126.55,3.09,126.55,153.50,65.46,32.63,100.02,78.59,78.59,3.09,10.44,1713365493.57,679642715.29
Grass Protected + Rights of Way + Agriculture + Conservation Reserve Program,Four,0.06,4.05,5.56,7.74,9.93,3.09,5.56,7.74,9.93,0.06,4.05,0.00,0.00,0.00,0.00,0.00,1.00,3.09,3.09,126.55,3.09,126.55,153.50,65.46,42.47,100.02,78.59,78.59,3.09,10.44,1722215993.41,688493215.13
Grass Protected + Rights of Way + Agriculture + Conservation Reserve Program,Four,0.06,56.07,5.56,7.74,9.93,3.09,5.56,7.74,9.93,0.06,56.07,0.00,0.00,0.00,0.00,0.00,1.00,3.09,3.09,126.55,3.09,126.55,153.50,65.46,32.63,100.02,78.59,78.59,3.09,10.44,2375300114.79,1341577336.51
Grass Protected + Rights of Way + Agriculture + Conservation Reserve Program,Four,0.06,56.07,5.56,7.74,9.93,3.09,5.56,7.74,9.93,0.06,56.07,0.00,0.00,0.00,0.00,0.00,1.00,3.09,3.09,126.55,3.09,126.55,153.50,65.46,42.47,100.02,78.59,78.59,3.09,10.44,2384150614.63,1350427836.35
Grass Protected + Rights of Way + Agriculture + Conservation Reserve Program,Four,0.06,4.05,5.56,7.74,9.93,3.09,5.56,7.74,9.93,0.06,4.05,0.00,0.00,0.00,0.00,0.00,1.00,3.09,3.09,129.71,3.09,129.71,153.50,65.46,32.63,100.02,78.59,78.59,3.09,10.44,1720255718.06,686532939.78
Grass Protected + Rights of Way + Agriculture + Conservation Reserve Program,Four,0.06,4.05,5.56,7.74,9.93,3.09,5.56,7.74,9.93,0.06,4.05,0.00,0.00,0.00,0.00,0.00,1.00,3.09,3.09,129.71,3.09,129.71,153.50,65.46,42.47,100.02,78.59,78.59,3.09,10.44,1729106217.90,695383439.62
Grass Protected + Rights of Way + Agriculture + Conservation Reserve Program,Four,0.06,56.07,5.56,7.74,9.93,3.09,5.56,7.74,9.93,0.06,56.07,0.00,0.00,0.00,0.00,0.00,1.00,3.09,3.09,129.71,3.09,129.71,153.50,65.46,32.63,100.02,78.59,78.59,3.09,10.44,2382190339.28,1348467561.00
Grass Protected + Rights of Way + Agriculture + Conservation Reserve Program,Four,0.06,56.07,5.56,7.74,9.93,3.09,5.56,7.74,9.93,0.06,56.07,0.00,0.00,0.00,0.00,0.00,1.00,3.09,3.09,129.71,3.09,129.71,153.50,65.46,42.47,100.02,78.59,78.59,3.09,10.44,2391040839.12,1357318060.84
Citizen Involvement + Rights of Way + Agriculture + Conservation Reserve Program,Four,0.06,4.05,5.56,7.74,9.93,3.09,5.56,7.74,9.93,0.06,4.05,3.09,1.49,0.75,0.20,3.09,3.09,3.09,3.09,3.09,3.09,3.09,153.50,65.46,32.63,100.02,78.59,78.59,3.09,10.44,1470813158.63,437090380.35
Citizen Involvement + Rights of Way + Agriculture + Conservation Reserve Program,Four,0.06,4.05,5.56,7.74,9.93,3.09,5.56,7.74,9.93,0.06,4.05,3.09,1.49,0.75,0.20,3.09,3.09,3.09,3.09,3.09,3.09,3.09,153.50,65.46,42.47,100.02,78.59,78.59,3.09,10.44,1479663658.47,445940880.19
Citizen Involvement + Rights of Way + Agriculture + Conservation Reserve Program,Four,0.06,56.07,5.56,7.74,9.93,3.09,5.56,7.74,9.93,0.06,56.07,3.09,1.49,0.75,0.20,3.09,3.09,3.09,3.09,3.09,3.09,3.09,153.50,65.46,32.63,100.02,78.59,78.59,3.09,10.44,2132747779.85,1099025001.57
Citizen Involvement + Rights of Way + Agriculture + Conservation Reserve Program,Four,0.06,56.07,5.56,7.74,9.93,3.09,5.56,7.74,9.93,0.06,56.07,3.09,1.49,0.75,0.20,3.09,3.09,3.09,3.09,3.09,3.09,3.09,153.50,65.46,42.47,100.02,78.59,78.59,3.09,10.44,2141598279.69,1107875501.41
Citizen Involvement + Rights of Way + Agriculture + Conservation Reserve Program,Four,0.06,4.05,5.56,7.74,9.93,3.09,5.56,7.74,9.93,0.06,4.05,3.09,3.09,1.50,0.40,3.09,3.09,3.09,3.09,3.09,3.09,3.09,153.50,65.46,32.63,100.02,78.59,78.59,3.09,10.44,1475106266.29,441383488.01
Citizen Involvement + Rights of Way + Agriculture + Conservation Reserve Program,Four,0.06,4.05,5.56,7.74,9.93,3.09,5.56,7.74,9.93,0.06,4.05,3.09,3.09,1.50,0.40,3.09,3.09,3.09,3.09,3.09,3.09,3.09,153.50,65.46,42.47,100.02,78.59,78.59,3.09,10.44,1483956766.13,450233987.85
Citizen Involvement + Rights of Way + Agriculture + Conservation Reserve Program,Four,0.06,56.07,5.56,7.74,9.93,3.09,5.56,7.74,9.93,0.06,56.07,3.09,3.09,1.50,0.40,3.09,3.09,3.09,3.09,3.09,3.09,3.09,153.50,65.46,32.63,100.02,78.59,78.59,3.09,10.44,2137040887.51,1103318109.23
Citizen Involvement + Rights of Way + Agriculture + Conservation Reserve Program,Four,0.06,56.07,5.56,7.74,9.93,3.09,5.56,7.74,9.93,0.06,56.07,3.09,3.09,1.50,0.40,3.09,3.09,3.09,3.09,3.09,3.09,3.09,153.50,65.46,42.47,100.02,78.59,78.59,3.09,10.44,2145891387.35,1112168609.07
Citizen Involvement + Rights of Way + Agriculture + Conservation Reserve Program,Four,0.06,4.05,5.56,7.74,9.93,3.09,5.56,7.74,9.93,0.06,4.05,16.31,6.18,3.09,0.40,3.09,3.09,3.09,3.09,3.09,3.09,3.09,153.50,65.46,32.63,100.02,78.59,78.59,3.09,10.44,1550678633.06,516955854.78
Citizen Involvement + Rights of Way + Agriculture + Conservation Reserve Program,Four,0.06,4.05,5.56,7.74,9.93,3.09,5.56,7.74,9.93,0.06,4.05,16.31,6.18,3.09,0.40,3.09,3.09,3.09,3.09,3.09,3.09,3.09,153.50,65.46,42.47,100.02,78.59,78.59,3.09,10.44,1559529132.90,525806354.62
Citizen Involvement + Rights of Way + Agriculture + Conservation Reserve Program,Four,0.06,56.07,5.56,7.74,9.93,3.09,5.56,7.74,9.93,0.06,56.07,16.31,6.18,3.09,0.40,3.09,3.09,3.09,3.09,3.09,3.09,3.09,153.50,65.46,32.63,100.02,78.59,78.59,3.09,10.44,2212613254.28,1178890476.00
Citizen Involvement + Rights of Way + Agriculture + Conservation Reserve Program,Four,0.06,56.07,5.56,7.74,9.93,3.09,5.56,7.74,9.93,0.06,56.07,16.31,6.18,3.09,0.40,3.09,3.09,3.09,3.09,3.09,3.09,3.09,153.50,65.46,42.47,100.02,78.59,78.59,3.09,10.44,2221463754.12,1187740975.84
Grass Protected + Rights of Way + Agriculture + Citizen Involvement,Four,0.06,4.05,5.56,7.74,9.93,3.09,5.56,7.74,9.93,0.06,4.05,3.09,1.49,0.75,0.20,3.09,3.09,3.09,3.09,126.55,3.09,126.55,112.14,61.37,32.63,100.02,78.59,78.59,3.09,10.44,1629001595.93,595278817.65
Grass Protected + Rights of Way + Agriculture + Citizen Involvement,Four,0.06,4.05,5.56,7.74,9.93,3.09,5.56,7.74,9.93,0.06,4.05,3.09,1.49,0.75,0.20,3.09,3.09,3.09,3.09,126.55,3.09,126.55,112.14,61.37,42.47,100.02,78.59,78.59,3.09,10.44,1637852095.77,604129317.49
Grass Protected + Rights of Way + Agriculture + Citizen Involvement,Four,0.06,56.07,5.56,7.74,9.93,3.09,5.56,7.74,9.93,0.06,56.07,3.09,1.49,0.75,0.20,3.09,3.09,3.09,3.09,126.55,3.09,126.55,112.14,61.37,32.63,100.02,78.59,78.59,3.09,10.44,2290936217.15,1257213438.87
Grass Protected + Rights of Way + Agriculture + Citizen Involvement,Four,0.06,56.07,5.56,7.74,9.93,3.09,5.56,7.74,9.93,0.06,56.07,3.09,1.49,0.75,0.20,3.09,3.09,3.09,3.09,126.55,3.09,126.55,112.14,61.37,42.47,100.02,78.59,78.59,3.09,10.44,2299786716.99,1266063938.71
Grass Protected + Rights of Way + Agriculture + Citizen Involvement,Four,0.06,4.05,5.56,7.74,9.93,3.09,5.56,7.74,9.93,0.06,4.05,3.09,1.49,0.75,0.20,3.09,3.09,3.09,3.09,129.71,3.09,129.71,112.14,61.37,32.63,100.02,78.59,78.59,3.09,10.44,1635891820.42,602169042.14
Grass Protected + Rights of Way + Agriculture + Citizen Involvement,Four,0.06,4.05,5.56,7.74,9.93,3.09,5.56,7.74,9.93,0.06,4.05,3.09,1.49,0.75,0.20,3.09,3.09,3.09,3.09,129.71,3.09,129.71,112.14,61.37,42.47,100.02,78.59,78.59,3.09,10.44,1644742320.26,611019541.98
Grass Protected + Rights of Way + Agriculture + Citizen Involvement,Four,0.06,56.07,5.56,7.74,9.93,3.09,5.56,7.74,9.93,0.06,56.07,3.09,1.49,0.75,0.20,3.09,3.09,3.09,3.09,129.71,3.09,129.71,112.14,61.37,32.63,100.02,78.59,78.59,3.09,10.44,2297826441.64,1264103663.36
Grass Protected + Rights of Way + Agriculture + Citizen Involvement,Four,0.06,56.07,5.56,7.74,9.93,3.09,5.56,7.74,9.93,0.06,56.07,3.09,1.49,0.75,0.20,3.09,3.09,3.09,3.09,129.71,3.09,129.71,112.14,61.37,42.47,100.02,78.59,78.59,3.09,10.44,2306676941.48,1272954163.20
Grass Protected + Rights of Way + Agriculture + Citizen Involvement,Four,0.06,4.05,5.56,7.74,9.93,3.09,5.56,7.74,9.93,0.06,4.05,3.09,3.09,1.50,0.40,3.09,3.09,3.09,3.09,126.55,3.09,126.55,112.14,61.37,32.63,100.02,78.59,78.59,3.09,10.44,1633294703.59,599571925.31
Grass Protected + Rights of Way + Agriculture + Citizen Involvement,Four,0.06,4.05,5.56,7.74,9.93,3.09,5.56,7.74,9.93,0.06,4.05,3.09,3.09,1.50,0.40,3.09,3.09,3.09,3.09,126.55,3.09,126.55,112.14,61.37,42.47,100.02,78.59,78.59,3.09,10.44,1642145203.43,608422425.15
Grass Protected + Rights of Way + Agriculture + Citizen Involvement,Four,0.06,56.07,5.56,7.74,9.93,3.09,5.56,7.74,9.93,0.06,56.07,3.09,3.09,1.50,0.40,3.09,3.09,3.09,3.09,126.55,3.09,126.55,112.14,61.37,32.63,100.02,78.59,78.59,3.09,10.44,2295229324.81,1261506546.53
Grass Protected + Rights of Way + Agriculture + Citizen Involvement,Four,0.06,56.07,5.56,7.74,9.93,3.09,5.56,7.74,9.93,0.06,56.07,3.09,3.09,1.50,0.40,3.09,3.09,3.09,3.09,126.55,3.09,126.55,112.14,61.37,42.47,100.02,78.59,78.59,3.09,10.44,2304079824.65,1270357046.37
Grass Protected + Rights of Way + Agriculture + Citizen Involvement,Four,0.06,4.05,5.56,7.74,9.93,3.09,5.56,7.74,9.93,0.06,4.05,3.09,3.09,1.50,0.40,3.09,3.09,3.09,3.09,129.71,3.09,129.71,112.14,61.37,32.63,100.02,78.59,78.59,3.09,10.44,1640184928.08,606462149.80
Grass Protected + Rights of Way + Agriculture + Citizen Involvement,Four,0.06,4.05,5.56,7.74,9.93,3.09,5.56,7.74,9.93,0.06,4.05,3.09,3.09,1.50,0.40,3.09,3.09,3.09,3.09,129.71,3.09,129.71,112.14,61.37,42.47,100.02,78.59,78.59,3.09,10.44,1649035427.92,615312649.64
Grass Protected + Rights of Way + Agriculture + Citizen Involvement,Four,0.06,56.07,5.56,7.74,9.93,3.09,5.56,7.74,9.93,0.06,56.07,3.09,3.09,1.50,0.40,3.09,3.09,3.09,3.09,129.71,3.09,129.71,112.14,61.37,32.63,100.02,78.59,78.59,3.09,10.44,2302119549.30,1268396771.02
Grass Protected + Rights of Way + Agriculture + Citizen Involvement,Four,0.06,56.07,5.56,7.74,9.93,3.09,5.56,7.74,9.93,0.06,56.07,3.09,3.09,1.50,0.40,3.09,3.09,3.09,3.09,129.71,3.09,129.71,112.14,61.37,42.47,100.02,78.59,78.59,3.09,10.44,2310970049.14,1277247270.86
Grass Protected + Rights of Way + Agriculture + Citizen Involvement,Four,0.06,4.05,5.56,7.74,9.93,3.09,5.56,7.74,9.93,0.06,4.05,16.31,6.18,3.09,0.40,3.09,3.09,3.09,3.09,126.55,3.09,126.55,112.14,61.37,32.63,100.02,78.59,78.59,3.09,10.44,1708867070.36,675144292.08
Grass Protected + Rights of Way + Agriculture + Citizen Involvement,Four,0.06,4.05,5.56,7.74,9.93,3.09,5.56,7.74,9.93,0.06,4.05,16.31,6.18,3.09,0.40,3.09,3.09,3.09,3.09,126.55,3.09,126.55,112.14,61.37,42.47,100.02,78.59,78.59,3.09,10.44,1717717570.20,683994791.92
Grass Protected + Rights of Way + Agriculture + Citizen Involvement,Four,0.06,56.07,5.56,7.74,9.93,3.09,5.56,7.74,9.93,0.06,56.07,16.31,6.18,3.09,0.40,3.09,3.09,3.09,3.09,126.55,3.09,126.55,112.14,61.37,32.63,100.02,78.59,78.59,3.09,10.44,2370801691.58,1337078913.30
Grass Protected + Rights of Way + Agriculture + Citizen Involvement,Four,0.06,56.07,5.56,7.74,9.93,3.09,5.56,7.74,9.93,0.06,56.07,16.31,6.18,3.09,0.40,3.09,3.09,3.09,3.09,126.55,3.09,126.55,112.14,61.37,42.47,100.02,78.59,78.59,3.09,10.44,2379652191.42,1345929413.14
Grass Protected + Rights of Way + Agriculture + Citizen Involvement,Four,0.06,4.05,5.56,7.74,9.93,3.09,5.56,7.74,9.93,0.06,4.05,16.31,6.18,3.09,0.40,3.09,3.09,3.09,3.09,129.71,3.09,129.71,112.14,61.37,32.63,100.02,78.59,78.59,3.09,10.44,1715757294.85,682034516.57
Grass Protected + Rights of Way + Agriculture + Citizen Involvement,Four,0.06,4.05,5.56,7.74,9.93,3.09,5.56,7.74,9.93,0.06,4.05,16.31,6.18,3.09,0.40,3.09,3.09,3.09,3.09,129.71,3.09,129.71,112.14,61.37,42.47,100.02,78.59,78.59,3.09,10.44,1724607794.69,690885016.41
Grass Protected + Rights of Way + Agriculture + Citizen Involvement,Four,0.06,56.07,5.56,7.74,9.93,3.09,5.56,7.74,9.93,0.06,56.07,16.31,6.18,3.09,0.40,3.09,3.09,3.09,3.09,129.71,3.09,129.71,112.14,61.37,32.63,100.02,78.59,78.59,3.09,10.44,2377691916.07,1343969137.79
Grass Protected + Rights of Way + Agriculture + Citizen Involvement,Four,0.06,56.07,5.56,7.74,9.93,3.09,5.56,7.74,9.93,0.06,56.07,16.31,6.18,3.09,0.40,3.09,3.09,3.09,3.09,129.71,3.09,129.71,112.14,61.37,42.47,100.02,78.59,78.59,3.09,10.44,2386542415.91,1352819637.63
All Hands on Deck,Five,0.06,4.05,5.56,7.74,9.93,3.09,5.56,7.74,9.93,0.06,4.05,3.09,1.49,0.75,0.20,3.09,3.09,3.09,3.09,126.55,3.09,126.55,153.50,65.46,32.63,100.02,78.59,78.59,3.09,10.44,1739405727.15,705682948.87
All Hands on Deck,Five,0.06,4.05,5.56,7.74,9.93,3.09,5.56,7.74,9.93,0.06,4.05,3.09,1.49,0.75,0.20,3.09,3.09,3.09,3.09,126.55,3.09,126.55,153.50,65.46,42.47,100.02,78.59,78.59,3.09,10.44,1748256226.99,714533448.71
All Hands on Deck,Five,0.06,56.07,5.56,7.74,9.93,3.09,5.56,7.74,9.93,0.06,56.07,3.09,1.49,0.75,0.20,3.09,3.09,3.09,3.09,126.55,3.09,126.55,153.50,65.46,32.63,100.02,78.59,78.59,3.09,10.44,2401340348.37,1367617570.09
All Hands on Deck,Five,0.06,56.07,5.56,7.74,9.93,3.09,5.56,7.74,9.93,0.06,56.07,3.09,1.49,0.75,0.20,3.09,3.09,3.09,3.09,126.55,3.09,126.55,153.50,65.46,42.47,100.02,78.59,78.59,3.09,10.44,2410190848.21,1376468069.93
All Hands on Deck,Five,0.06,4.05,5.56,7.74,9.93,3.09,5.56,7.74,9.93,0.06,4.05,3.09,1.49,0.75,0.20,3.09,3.09,3.09,3.09,129.71,3.09,129.71,153.50,65.46,32.63,100.02,78.59,78.59,3.09,10.44,1746295951.64,712573173.36
All Hands on Deck,Five,0.06,4.05,5.56,7.74,9.93,3.09,5.56,7.74,9.93,0.06,4.05,3.09,1.49,0.75,0.20,3.09,3.09,3.09,3.09,129.71,3.09,129.71,153.50,65.46,42.47,100.02,78.59,78.59,3.09,10.44,1755146451.48,721423673.20
All Hands on Deck,Five,0.06,56.07,5.56,7.74,9.93,3.09,5.56,7.74,9.93,0.06,56.07,3.09,1.49,0.75,0.20,3.09,3.09,3.09,3.09,129.71,3.09,129.71,153.50,65.46,32.63,100.02,78.59,78.59,3.09,10.44,2408230572.86,1374507794.58
All Hands on Deck,Five,0.06,56.07,5.56,7.74,9.93,3.09,5.56,7.74,9.93,0.06,56.07,3.09,1.49,0.75,0.20,3.09,3.09,3.09,3.09,129.71,3.09,129.71,153.50,65.46,42.47,100.02,78.59,78.59,3.09,10.44,2417081072.70,1383358294.42
All Hands on Deck,Five,0.06,4.05,5.56,7.74,9.93,3.09,5.56,7.74,9.93,0.06,4.05,3.09,3.09,1.50,0.40,3.09,3.09,3.09,3.09,126.55,3.09,126.55,153.50,65.46,32.63,100.02,78.59,78.59,3.09,10.44,1743698834.81,709976056.53
All Hands on Deck,Five,0.06,4.05,5.56,7.74,9.93,3.09,5.56,7.74,9.93,0.06,4.05,3.09,3.09,1.50,0.40,3.09,3.09,3.09,3.09,126.55,3.09,126.55,153.50,65.46,42.47,100.02,78.59,78.59,3.09,10.44,1752549334.65,718826556.37
All Hands on Deck,Five,0.06,56.07,5.56,7.74,9.93,3.09,5.56,7.74,9.93,0.06,56.07,3.09,3.09,1.50,0.40,3.09,3.09,3.09,3.09,126.55,3.09,126.55,153.50,65.46,32.63,100.02,78.59,78.59,3.09,10.44,2405633456.03,1371910677.75
All Hands on Deck,Five,0.06,56.07,5.56,7.74,9.93,3.09,5.56,7.74,9.93,0.06,56.07,3.09,3.09,1.50,0.40,3.09,3.09,3.09,3.09,126.55,3.09,126.55,153.50,65.46,42.47,100.02,78.59,78.59,3.09,10.44,2414483955.87,1380761177.59
All Hands on Deck,Five,0.06,4.05,5.56,7.74,9.93,3.09,5.56,7.74,9.93,0.06,4.05,3.09,3.09,1.50,0.40,3.09,3.09,3.09,3.09,129.71,3.09,129.71,153.50,65.46,32.63,100.02,78.59,78.59,3.09,10.44,1750589059.30,716866281.02
All Hands on Deck,Five,0.06,4.05,5.56,7.74,9.93,3.09,5.56,7.74,9.93,0.06,4.05,3.09,3.09,1.50,0.40,3.09,3.09,3.09,3.09,129.71,3.09,129.71,153.50,65.46,42.47,100.02,78.59,78.59,3.09,10.44,1759439559.14,725716780.86
All Hands on Deck,Five,0.06,56.07,5.56,7.74,9.93,3.09,5.56,7.74,9.93,0.06,56.07,3.09,3.09,1.50,0.40,3.09,3.09,3.09,3.09,129.71,3.09,129.71,153.50,65.46,32.63,100.02,78.59,78.59,3.09,10.44,2412523680.52,1378800902.24
All Hands on Deck,Five,0.06,56.07,5.56,7.74,9.93,3.09,5.56,7.74,9.93,0.06,56.07,3.09,3.09,1.50,0.40,3.09,3.09,3.09,3.09,129.71,3.09,129.71,153.50,65.46,42.47,100.02,78.59,78.59,3.09,10.44,2421374180.36,1387651402.08
All Hands on Deck,Five,0.06,4.05,5.56,7.74,9.93,3.09,5.56,7.74,9.93,0.06,4.05,16.31,6.18,3.09,0.40,3.09,3.09,3.09,3.09,126.55,3.09,126.55,153.50,65.46,32.63,100.02,78.59,78.59,3.09,10.44,1819271201.58,785548423.30
All Hands on Deck,Five,0.06,4.05,5.56,7.74,9.93,3.09,5.56,7.74,9.93,0.06,4.05,16.31,6.18,3.09,0.40,3.09,3.09,3.09,3.09,126.55,3.09,126.55,153.50,65.46,42.47,100.02,78.59,78.59,3.09,10.44,1828121701.42,794398923.14
All Hands on Deck,Five,0.06,56.07,5.56,7.74,9.93,3.09,5.56,7.74,9.93,0.06,56.07,16.31,6.18,3.09,0.40,3.09,3.09,3.09,3.09,126.55,3.09,126.55,153.50,65.46,32.63,100.02,78.59,78.59,3.09,10.44,2481205822.80,1447483044.52
All Hands on Deck,Five,0.06,56.07,5.56,7.74,9.93,3.09,5.56,7.74,9.93,0.06,56.07,16.31,6.18,3.09,0.40,3.09,3.09,3.09,3.09,126.55,3.09,126.55,153.50,65.46,42.47,100.02,78.59,78.59,3.09,10.44,2490056322.64,1456333544.36
All Hands on Deck,Five,0.06,4.05,5.56,7.74,9.93,3.09,5.56,7.74,9.93,0.06,4.05,16.31,6.18,3.09,0.40,3.09,3.09,3.09,3.09,129.71,3.09,129.71,153.50,65.46,32.63,100.02,78.59,78.59,3.09,10.44,1826161426.07,792438647.79
All Hands on Deck,Five,0.06,4.05,5.56,7.74,9.93,3.09,5.56,7.74,9.93,0.06,4.05,16.31,6.18,3.09,0.40,3.09,3.09,3.09,3.09,129.71,3.09,129.71,153.50,65.46,42.47,100.02,78.59,78.59,3.09,10.44,1835011925.91,801289147.63
All Hands on Deck,Five,0.06,56.07,5.56,7.74,9.93,3.09,5.56,7.74,9.93,0.06,56.07,16.31,6.18,3.09,0.40,3.09,3.09,3.09,3.09,129.71,3.09,129.71,153.50,65.46,42.47,100.02,78.59,78.59,3.09,10.44,2488096047.29,1454373269.01
Agricultural,Agriculture,0.06,112.14,5.56,7.74,9.93,3.09,5.56,7.74,9.93,0.06,112.14,0.00,0.00,0.00,0.00,0.00,1.00,3.09,3.09,3.09,3.09,3.09,112.14,61.37,3.09,57.15,57.15,57.15,3.09,3.09,2446468447.08,1412745668.80
